group,title,link,thumbnail
aespa,Live my Life,https://www.youtube.com/watch?v=YEA1ROHi0Eg,https://i.ytimg.com/vi/YEA1ROHi0Eg/hqdefault.jpg?sqp=-oaymwEbCKgBEF5IVfKriqkDDggBFQAAiEIYAXABwAEG&rs=AOn4CLCvYyvLc9HeuxjcxnWpIW-u3bCl7g
aespa,Armageddon,https://www.youtube.com/watch?v=nFYwcndNuOY,https://i.ytimg.com/vi/nFYwcndNuOY/hqdefault.jpg?sqp=-oaymwEbCKgBEF5IVfKriqkDDggBFQAAiEIYAXABwAEG&rs=AOn4CLB8tIstLf8O4TNwaWWrCM-wc0Fk8g
aespa,Supernova,https://www.youtube.com/watch?v=phuiiNCxRMg,https://i.ytimg.com/vi/phuiiNCxRMg/hqdefault.jpg?sqp=-oaymwEbCKgBEF5IVfKriqkDDggBFQAAiEIYAXABwAEG&rs=AOn4CLCVqJk-7qaGAjFI1C_dPeawzMVJWQ
aespa,Drama,https://www.youtube.com/watch?v=D8VEhcPeSlc,https://i.ytimg.com/vi/D8VEhcPeSlc/hqdefault.jpg?sqp=-oaymwEbCKgBEF5IVfKriqkDDggBFQAAiEIYAXABwAEG&rs=AOn4CLCYOfCvZcLOs_dZfN9MzIv2lN8SxA
aespa,Better Things,https://www.youtube.com/watch?v=gfk3QLU1x0E,https://i.ytimg.com/vi/gfk3QLU1x0E/hqdefault.jpg?sqp=-oaymwEbCKgBEF5IVfKriqkDDggBFQAAiEIYAXABwAEG&rs=AOn4CLAbOoryR-IqYDr-bRfdEwuAMZWO0g
aespa,Spicy,https://www.youtube.com/watch?v=Os_heh8vPfs,https://i.ytimg.com/vi/Os_heh8vPfs/hqdefault.jpg?sqp=-oaymwEbCKgBEF5IVfKriqkDDggBFQAAiEIYAXABwAEG&rs=AOn4CLA3JSCBeNCisZxDw7Qp2YMWBO10jw
aespa,Welcome To MY World (Feat. nævis),https://www.youtube.com/watch?v=0xdB_vo4r2c,https://i.ytimg.com/vi/0xdB_vo4r2c/hqdefault.jpg?sqp=-oaymwEbCKgBEF5IVfKriqkDDggBFQAAiEIYAXABwAEG&rs=AOn4CLBunWJPjj8rmgfTvQ6qk9qhITaXbQ
aespa,Girls,https://www.youtube.com/watch?v=dYRITmpFbJ4,https://i.ytimg.com/vi/dYRITmpFbJ4/hqdefault.jpg?sqp=-oaymwEbCKgBEF5IVfKriqkDDggBFQAAiEIYAXABwAEG&rs=AOn4CLBOxN6ukbZNOPwUBhRZYgG9r23lng
aespa,Savage,https://www.youtube.com/watch?v=WPdWvnAAurg,https://i.ytimg.com/vi/WPdWvnAAurg/hqdefault.jpg?sqp=-oaymwEbCKgBEF5IVfKriqkDDggBFQAAiEIYAXABwAEG&rs=AOn4CLDQGxlnDkAdMYRm2cdkDmiDbBDpYw
aespa,Next Level,https://www.youtube.com/watch?v=4TWR90KJl84,https://i.ytimg.com/vi/4TWR90KJl84/hqdefault.jpg?sqp=-oaymwEbCKgBEF5IVfKriqkDDggBFQAAiEIYAXABwAEG&rs=AOn4CLBYCGc-AKsDC6UpJgIZw2_VsqjVWA
aespa,Forever,https://www.youtube.com/watch?v=wog1R1d4zls,https://i.ytimg.com/vi/wog1R1d4zls/hqdefault.jpg?sqp=-oaymwEbCKgBEF5IVfKriqkDDggBFQAAiEIYAXABwAEG&rs=AOn4CLCPuqwMDAXMcV3fOVzYezFhXw2oUQ
aespa,Black Mamba,https://www.youtube.com/watch?v=ZeerrnuLi5E,https://i.ytimg.com/vi/ZeerrnuLi5E/hqdefault.jpg?sqp=-oaymwEbCKgBEF5IVfKriqkDDggBFQAAiEIYAXABwAEG&rs=AOn4CLDTL6Fn3_JBYKE-cgUKiroE9O9dlg
NMIXX,별별별 (See that?),https://www.youtube.com/watch?v=_Q8Jskeps9w,https://i.ytimg.com/vi/_Q8Jskeps9w/hqdefault.jpg?sqp=-oaymwEcCPYBEIoBSFXyq4qpAw4IARUAAIhCGAFwAcABBg==&rs=AOn4CLAdG9Yw1478vFyMMus_bmPwNrpQmg
NMIXX,蜚蜚 (FEIFEI),https://www.youtube.com/watch?v=zrYC3LEpc6w,https://i.ytimg.com/vi/zrYC3LEpc6w/hqdefault.jpg?sqp=-oaymwEcCPYBEIoBSFXyq4qpAw4IARUAAIhCGAFwAcABBg==&rs=AOn4CLBsgCnPCSTE87m1ZEu9vR-x-NAB8Q
NMIXX,DASH ,https://www.youtube.com/watch?v=7UecFm_bSTU,https://i.ytimg.com/vi/7UecFm_bSTU/hqdefault.jpg?sqp=-oaymwEcCPYBEIoBSFXyq4qpAw4IARUAAIhCGAFwAcABBg==&rs=AOn4CLBRkgftrBDDvoT7Ip8ugjAn_BKSVg
NMIXX,Soñar (Breaker),https://www.youtube.com/watch?v=MMtRxcy8PX0,https://i.ytimg.com/vi/MMtRxcy8PX0/hqdefault.jpg?sqp=-oaymwEcCPYBEIoBSFXyq4qpAw4IARUAAIhCGAFwAcABBg==&rs=AOn4CLAxoltItiPPpgbmTKXWL-hmyTBMcw
NMIXX,Party O’Clock,https://www.youtube.com/watch?v=Rd2wppggYxo,https://i.ytimg.com/vi/Rd2wppggYxo/hqdefault.jpg?sqp=-oaymwEcCPYBEIoBSFXyq4qpAw4IARUAAIhCGAFwAcABBg==&rs=AOn4CLAm-eTKX0yZy1qG5HHY9-5rTIaz5g
NMIXX,Roller Coaster,https://www.youtube.com/watch?v=fqBAzCH4-9g,https://i.ytimg.com/vi/fqBAzCH4-9g/hqdefault.jpg?sqp=-oaymwEcCPYBEIoBSFXyq4qpAw4IARUAAIhCGAFwAcABBg==&rs=AOn4CLBSoU-yZRU-06kQY_N0vJ9r2TC30g
NMIXX,Love Me Like This,https://www.youtube.com/watch?v=EDnwWcFpObo,https://i.ytimg.com/vi/EDnwWcFpObo/hqdefault.jpg?sqp=-oaymwEcCPYBEIoBSFXyq4qpAw4IARUAAIhCGAFwAcABBg==&rs=AOn4CLDQNMVkapeX_OsZZVSGBlMQfJSgOQ
NMIXX,"Young, Dumb, Stupid",https://www.youtube.com/watch?v=5eh6Vj_vVg4,https://i.ytimg.com/vi/5eh6Vj_vVg4/hqdefault.jpg?sqp=-oaymwEcCPYBEIoBSFXyq4qpAw4IARUAAIhCGAFwAcABBg==&rs=AOn4CLDqwX3ARRXkoJUW4Tspqixz_cGeaw
NMIXX,Funky Glitter Christmas,https://www.youtube.com/watch?v=kBwikDvbRbI,https://i.ytimg.com/vi/kBwikDvbRbI/hqdefault.jpg?sqp=-oaymwEcCPYBEIoBSFXyq4qpAw4IARUAAIhCGAFwAcABBg==&rs=AOn4CLBt0Xv9OGR-UjJmJD5fNcYIkBvftw
NMIXX,DICE,https://www.youtube.com/watch?v=p1bjnyDqI9k,https://i.ytimg.com/vi/p1bjnyDqI9k/hqdefault.jpg?sqp=-oaymwEcCPYBEIoBSFXyq4qpAw4IARUAAIhCGAFwAcABBg==&rs=AOn4CLCOU8rZceAZ5F02kl9yFpcWPiIIXg
NMIXX,O.O,https://www.youtube.com/watch?v=3GWscde8rM8,https://i.ytimg.com/vi/3GWscde8rM8/hqdefault.jpg?sqp=-oaymwEcCPYBEIoBSFXyq4qpAw4IARUAAIhCGAFwAcABBg==&rs=AOn4CLDJf37G0So2eFGkErEl27vr6LW6Fw
ITZY,WANNABE,https://youtu.be/fE2h3lGlOsk?si=_Yv87O4mG26BBi7L,https://i.ytimg.com/vi/fE2h3lGlOsk/hqdefault.jpg?sqp=-oaymwEcCNACELwBSFXyq4qpAw4IARUAAIhCGAFwAcABBg==&rs=AOn4CLC6F85UnQjP3_9U0gehdYbbF6NTxw
ITZY,ICY,https://youtu.be/zndvqTc4P9I?si=t5MT3tZibwnNtCOX,https://i.ytimg.com/vi/zndvqTc4P9I/hqdefault.jpg?sqp=-oaymwEcCNACELwBSFXyq4qpAw4IARUAAIhCGAFwAcABBg==&rs=AOn4CLDq8hQOyzrrvj3EUFp8kfgstvYWNQ
ITZY,달라달라(DALLA DALLA),https://youtu.be/pNfTK39k55U?si=rPfhnMUGTDGRr47W,https://i.ytimg.com/vi/pNfTK39k55U/hqdefault.jpg?sqp=-oaymwEcCNACELwBSFXyq4qpAw4IARUAAIhCGAFwAcABBg==&rs=AOn4CLCnyuzgT_mOWI6DXU6lPYPvHiO6Lw
ITZY,Not Shy,https://youtu.be/wTowEKjDGkU?si=hW23_NRbFKZ7xecZ,https://i.ytimg.com/vi/wTowEKjDGkU/hqdefault.jpg?sqp=-oaymwEcCNACELwBSFXyq4qpAw4IARUAAIhCGAFwAcABBg==&rs=AOn4CLBd-4pSEOvIBr9--dWBgV0GdBGbQw
ITZY,마.피.아. In the morning,https://youtu.be/_ysomCGaZLw?si=FHqgrnhCPJoxpsWI,https://i.ytimg.com/vi/_ysomCGaZLw/hqdefault.jpg?sqp=-oaymwEcCNACELwBSFXyq4qpAw4IARUAAIhCGAFwAcABBg==&rs=AOn4CLCvsVeywBLA2sj4zsVDjwbJsyKz5Q
ITZY,LOCO,https://youtu.be/MjCZfZfucEc?si=1P5yoR_8Tpjma1qK,https://i.ytimg.com/vi/MjCZfZfucEc/hqdefault.jpg?sqp=-oaymwEcCNACELwBSFXyq4qpAw4IARUAAIhCGAFwAcABBg==&rs=AOn4CLC9vLmtF2NlA2GAF4r7c1EZhydsTg
ITZY,SWIPE,https://youtu.be/9oyodEkzn94?si=ius74j33QeqvWN8T,https://i.ytimg.com/vi/9oyodEkzn94/hqdefault.jpg?sqp=-oaymwEcCNACELwBSFXyq4qpAw4IARUAAIhCGAFwAcABBg==&rs=AOn4CLBR-cWZFGML-mjZctx_Iq-navn7HQ
ITZY,Voltage,https://youtu.be/krzf1hkFAZA?si=zkWljFreZyv1FDwa,https://i.ytimg.com/vi/krzf1hkFAZA/hqdefault.jpg?sqp=-oaymwEcCNACELwBSFXyq4qpAw4IARUAAIhCGAFwAcABBg==&rs=AOn4CLCoZo7JTj5Ey9ddUNk05zSpBYgyEA
ITZY,SNEAKERS,https://youtu.be/Hbb5GPxXF1w?si=X45j3AcqxWO-gqjP,https://i.ytimg.com/vi/Hbb5GPxXF1w/hqdefault.jpg?sqp=-oaymwEcCNACELwBSFXyq4qpAw4IARUAAIhCGAFwAcABBg==&rs=AOn4CLB9JaAXYrTgb44R6VU1A9GnjygtDA
ITZY,Boys Like You,https://youtu.be/6uZy86ePgO0?si=i8hq1xJsJZE469eP,https://i.ytimg.com/vi/6uZy86ePgO0/hqdefault.jpg?sqp=-oaymwEcCNACELwBSFXyq4qpAw4IARUAAIhCGAFwAcABBg==&rs=AOn4CLD8nyDVBUMTqFoBwBWAmPA9OjIQzQ
ITZY,Cheshire,https://youtu.be/zugAhfd2r0g?si=gv_VUAFs7hFNf4P3,https://i.ytimg.com/vi/zugAhfd2r0g/hqdefault.jpg?sqp=-oaymwEcCNACELwBSFXyq4qpAw4IARUAAIhCGAFwAcABBg==&rs=AOn4CLCbDWbA0GrUbrY-ALVlRuBsgqaYpg
ITZY,BET ON ME,https://youtu.be/RmTq3cJqyCo?si=vhJpcvffOZo9igVY,https://i.ytimg.com/vi/RmTq3cJqyCo/hqdefault.jpg?sqp=-oaymwEcCNACELwBSFXyq4qpAw4IARUAAIhCGAFwAcABBg==&rs=AOn4CLD3o1PcDdcHv3cB48qLoIjGz2p4RA
ITZY,None of My Business,https://youtu.be/FcQ6oB1JPiA?si=iN3zAaM7fgwF5js4,https://i.ytimg.com/vi/FcQ6oB1JPiA/hqdefault.jpg?sqp=-oaymwEcCNACELwBSFXyq4qpAw4IARUAAIhCGAFwAcABBg==&rs=AOn4CLDwsS5FmeN4Sk4Ng9BHe79Vrp1srg
ITZY,CAKE,https://youtu.be/0bIRwBpBcZQ?si=T2Pr1PqpWQx8VFOF,https://i.ytimg.com/vi/0bIRwBpBcZQ/hqdefault.jpg?sqp=-oaymwEcCNACELwBSFXyq4qpAw4IARUAAIhCGAFwAcABBg==&rs=AOn4CLCqR_0TNk2rIDG61bwdhsqFWBNmwg
ITZY,BORN TO BE,https://youtu.be/4R7vRFGJr3k?si=GfljRa13npmfwK1s,https://i.ytimg.com/vi/4R7vRFGJr3k/hqdefault.jpg?sqp=-oaymwEcCNACELwBSFXyq4qpAw4IARUAAIhCGAFwAcABBg==&rs=AOn4CLBsPD_eMAL2P6IKkzMQPbhT8U-12A
ITZY,Mr. Vampire,https://youtu.be/VkIEfqHFNkU?si=AGwZro10FBvf8NvI,https://i.ytimg.com/vi/VkIEfqHFNkU/hqdefault.jpg?sqp=-oaymwEcCNACELwBSFXyq4qpAw4IARUAAIhCGAFwAcABBg==&rs=AOn4CLColiwt6BPe3BS4Vbs-qDKrjdhO2Q
ITZY,UNTOUCHABLE,https://youtu.be/5e3rKInegeU?si=UL8KHjcLJ_HDctNE,https://i.ytimg.com/vi/5e3rKInegeU/hqdefault.jpg?sqp=-oaymwEcCNACELwBSFXyq4qpAw4IARUAAIhCGAFwAcABBg==&rs=AOn4CLA4dtoMPN6TlhD8rwHJhumFwl11XA
NewJeans,Attention,https://youtu.be/js1CtxSY38I?si=8YovlSYDW3EjXPhl,https://i.ytimg.com/vi/js1CtxSY38I/hqdefault.jpg?sqp=-oaymwEcCPYBEIoBSFXyq4qpAw4IARUAAIhCGAFwAcABBg==&rs=AOn4CLBP2oxuAp-ZyjmNFK09gvp05XQptg
NewJeans,Hurt,https://youtu.be/tVIXY14aJms?si=ppveiMbtBs3MJuew,https://i.ytimg.com/vi/tVIXY14aJms/hqdefault.jpg?sqp=-oaymwEcCPYBEIoBSFXyq4qpAw4IARUAAIhCGAFwAcABBg==&rs=AOn4CLCgz2GdFIq667NEdh9fSyDLvl0b4Q
NewJeans,Hype Boy (MINJI ver.),https://youtu.be/Rrf8uQFvICE?si=PTUfvgPVyGjc7XEu,https://i.ytimg.com/vi/Rrf8uQFvICE/hqdefault.jpg?sqp=-oaymwEcCPYBEIoBSFXyq4qpAw4IARUAAIhCGAFwAcABBg==&rs=AOn4CLBS52fLd0FvVsTSv-hLUS82n5W1yQ
NewJeans,Hype Boy (DANIELLE&HAERIN ver.),https://youtu.be/9wUKhEgnllc?si=67vvsmvDJvaIbHjt,https://i.ytimg.com/vi/9wUKhEgnllc/hqdefault.jpg?sqp=-oaymwEcCPYBEIoBSFXyq4qpAw4IARUAAIhCGAFwAcABBg==&rs=AOn4CLCHu64PKppX1fLBd6eCzIEF8FKWYA
NewJeans,Hype Boy (HYEIN ver.),https://youtu.be/j6r7Px6w2ik?si=mMrBtByAdyTZ3_MJ,https://i.ytimg.com/vi/j6r7Px6w2ik/hqdefault.jpg?sqp=-oaymwEcCPYBEIoBSFXyq4qpAw4IARUAAIhCGAFwAcABBg==&rs=AOn4CLCe_26L4ZYMFfWPMkzfdHmsaSJplA
NewJeans,Hype Boy (HANNI ver.),https://youtu.be/jM-K-h9gUdM?si=0fIbceJQZ2-UrOef,https://i.ytimg.com/vi/jM-K-h9gUdM/hqdefault.jpg?sqp=-oaymwEcCPYBEIoBSFXyq4qpAw4IARUAAIhCGAFwAcABBg==&rs=AOn4CLBTARP3CkcJlWvW4jJ5tzxssQ8WPw
NewJeans,Cookie,https://youtu.be/VOmIplFAGeg?si=9xV9EdopjrH8XF7o,https://i.ytimg.com/vi/VOmIplFAGeg/hqdefault.jpg?sqp=-oaymwEcCPYBEIoBSFXyq4qpAw4IARUAAIhCGAFwAcABBg==&rs=AOn4CLA7IYn4r3l5bNbpOOdid15Y7k4M3Q
NewJeans,Ditto (side A),https://youtu.be/pSUydWEqKwE?si=mGVCJOhgSMidxn6B,https://i.ytimg.com/vi/pSUydWEqKwE/hqdefault.jpg?sqp=-oaymwEcCPYBEIoBSFXyq4qpAw4IARUAAIhCGAFwAcABBg==&rs=AOn4CLDRjHHVaBIR6sbZEhkyPeTqRG3V7g
NewJeans,Ditto (side B),https://youtu.be/V37TaRdVUQY?si=eIBsuT9YowkckoHM,https://i.ytimg.com/vi/V37TaRdVUQY/hqdefault.jpg?sqp=-oaymwEcCPYBEIoBSFXyq4qpAw4IARUAAIhCGAFwAcABBg==&rs=AOn4CLAmhwNYy4-xktJ4snvOi0xyOnEKNw
NewJeans,OMG,https://youtu.be/_ZAgIHmHLdc?si=kBP1Odok_lp-L5ES,https://i.ytimg.com/vi/_ZAgIHmHLdc/hqdefault.jpg?sqp=-oaymwEcCPYBEIoBSFXyq4qpAw4IARUAAIhCGAFwAcABBg==&rs=AOn4CLChI5iZye7kgJsvN4Tw5CCNOpFD4Q
NewJeans,New Jeans,https://youtu.be/kcelgrGY1h8?si=lBGBp_juvmWLHCLy,https://i.ytimg.com/vi/kcelgrGY1h8/hqdefault.jpg?sqp=-oaymwEcCPYBEIoBSFXyq4qpAw4IARUAAIhCGAFwAcABBg==&rs=AOn4CLA4gOAejkAs_YiUy0oLSm8xy7QZeQ
NewJeans,Super Shy,https://youtu.be/ArmDp-zijuc?si=5B9qCf0oM0V2oR5y,https://i.ytimg.com/vi/ArmDp-zijuc/hqdefault.jpg?sqp=-oaymwEcCPYBEIoBSFXyq4qpAw4IARUAAIhCGAFwAcABBg==&rs=AOn4CLBBJ4oH9Dr4EMj5EifDD5mnxTD87A
NewJeans,Cool With You,https://youtu.be/zsYSSVoQnP4?si=KLn-Vau2PtOo2EdX,https://i.ytimg.com/vi/zsYSSVoQnP4/hqdefault.jpg?sqp=-oaymwEcCPYBEIoBSFXyq4qpAw4IARUAAIhCGAFwAcABBg==&rs=AOn4CLBVXqS3o5-qAVEPfIiWffjqqZsL-Q
NewJeans,Cool With You & Get Up,https://youtu.be/nJDMAjwxthM?si=ic6cE8_92Cx6YAoj,
NewJeans,ETA,https://youtu.be/jOTfBlKSQYY?si=d-tLKdxHxm0SATHW,https://i.ytimg.com/vi/jOTfBlKSQYY/hqdefault.jpg?sqp=-oaymwEcCPYBEIoBSFXyq4qpAw4IARUAAIhCGAFwAcABBg==&rs=AOn4CLArh3cZH5mhLAFNpdrViGqyFU5XKQ
NewJeans,ASAP,https://youtu.be/dJdqn5v4Dkw?si=IFFj3ehhb9j60E3D,https://i.ytimg.com/vi/dJdqn5v4Dkw/hqdefault.jpg?sqp=-oaymwEcCPYBEIoBSFXyq4qpAw4IARUAAIhCGAFwAcABBg==&rs=AOn4CLDsAoH19Bkqk8QewBGLf9nkvapNYQ
NewJeans,Bubble Gum,https://youtu.be/ft70sAYrFyY?si=WCGaoTfAc0Cs6ojc,https://i.ytimg.com/vi/ft70sAYrFyY/hqdefault.jpg?sqp=-oaymwEcCPYBEIoBSFXyq4qpAw4IARUAAIhCGAFwAcABBg==&rs=AOn4CLC7p1GfgMLUf1JQzhLk4lm_yzRcgg
NewJeans,How Sweet,https://youtu.be/Q3K0TOvTOno?si=fRIADgGuk3NY-kch,https://i.ytimg.com/vi/Q3K0TOvTOno/hqdefault.jpg?sqp=-oaymwEcCPYBEIoBSFXyq4qpAw4IARUAAIhCGAFwAcABBg==&rs=AOn4CLD2YQCVXyUeb_-wqglwesTf570SIQ
NewJeans,Right Now,https://youtu.be/m6pTbEz4w3o?si=vm39O9WdkiU90x4K,https://i.ytimg.com/vi/m6pTbEz4w3o/hqdefault.jpg?sqp=-oaymwEcCPYBEIoBSFXyq4qpAw4IARUAAIhCGAFwAcABBg==&rs=AOn4CLANiiUGGqinh5ae8IRpPP0Hf-u52Q
NewJeans,Supernatural (Part.1),https://youtu.be/ZncbtRo7RXs?si=yfQxD967Cb_NqWUl,https://i.ytimg.com/vi/ZncbtRo7RXs/hqdefault.jpg?sqp=-oaymwEcCPYBEIoBSFXyq4qpAw4IARUAAIhCGAFwAcABBg==&rs=AOn4CLBwIMOa487nbdjRKYJHoUYe5ZIkcA
NewJeans,Supernatural (Part.2),https://youtu.be/A4S8zl50AdM?si=LwfU_GxONZBgGiDY,https://i.ytimg.com/vi/V37TaRdVUQY/hqdefault.jpg?sqp=-oaymwEcCPYBEIoBSFXyq4qpAw4IARUAAIhCGAFwAcABBg==&rs=AOn4CLAmhwNYy4-xktJ4snvOi0xyOnEKNw
NewJeans,Zero,https://youtu.be/XIOoqJyx8E4?si=cBRvMI4ptASjj_5u,https://i.ytimg.com/vi/XIOoqJyx8E4/hqdefault.jpg?sqp=-oaymwEcCPYBEIoBSFXyq4qpAw4IARUAAIhCGAFwAcABBg==&rs=AOn4CLBi1FwNg15w2xDaA7i8CMwOsmH1lw
LE SSERAFIM,FEARLESS,https://youtu.be/4vbDFu0PUew?si=L-iVDJMypZP4QV2Q,https://i.ytimg.com/vi/4vbDFu0PUew/hqdefault.jpg?sqp=-oaymwEcCPYBEIoBSFXyq4qpAw4IARUAAIhCGAFwAcABBg==&rs=AOn4CLChh329wUhOZRsKmSPNFd_Vgjx1ug
LE SSERAFIM,ANTIFRAGILE,https://youtu.be/pyf8cbqyfPs?si=DA7nCaXCSbk2cxaz,https://i.ytimg.com/vi/pyf8cbqyfPs/hqdefault.jpg?sqp=-oaymwEcCPYBEIoBSFXyq4qpAw4IARUAAIhCGAFwAcABBg==&rs=AOn4CLCY_ahXwGYUjvt8XPw9KRhy_KUbFw
LE SSERAFIM,Impurities,https://youtu.be/Ccz123Jlflc?si=FhqN-u1reWLdYnMD,https://i.ytimg.com/vi/Ccz123Jlflc/hqdefault.jpg?sqp=-oaymwEcCPYBEIoBSFXyq4qpAw4IARUAAIhCGAFwAcABBg==&rs=AOn4CLALUx7uNquSpHM8ubnqqxpyIIlrsw
LE SSERAFIM,UNFORGIVEN,https://youtu.be/UBURTj20HXI?si=uz3d0KCp6HysVO3Q,https://i.ytimg.com/vi/UBURTj20HXI/hqdefault.jpg?sqp=-oaymwEcCPYBEIoBSFXyq4qpAw4IARUAAIhCGAFwAcABBg==&rs=AOn4CLBoRW7BhkAJnedHnzSRuscqzAIBag
LE SSERAFIM,"이브, 프시케 그리고 푸른 수염의 아내",https://youtu.be/dZs_cLHfnNA?si=TQ35vSSmp3VPXsL-,https://i.ytimg.com/vi/dZs_cLHfnNA/hqdefault.jpg?sqp=-oaymwEcCPYBEIoBSFXyq4qpAw4IARUAAIhCGAFwAcABBg==&rs=AOn4CLChTARP_PZS0hwzmYvDIQO9TNfYsQ
LE SSERAFIM,Perfect Night,https://youtu.be/hLvWy2b857I?si=Bsz3XwMbxYCkSRZg,https://i.ytimg.com/vi/oKBwWQI-IoI/hqdefault.jpg?sqp=-oaymwEcCPYBEIoBSFXyq4qpAw4IARUAAIhCGAFwAcABBg==&rs=AOn4CLAbwrb7Cb9WnjvRQEYzyeME49Vt1w
LE SSERAFIM,EASY,https://youtu.be/bNKXxwOQYB8?si=2iaP8zGTS63B1j7_,https://i.ytimg.com/vi/bNKXxwOQYB8/hqdefault.jpg?sqp=-oaymwEcCPYBEIoBSFXyq4qpAw4IARUAAIhCGAFwAcABBg==&rs=AOn4CLCyn13yC-nUjgyK-KOBU35TjTVLpw
LE SSERAFIM,Smart,https://youtu.be/KNexS61fjus?si=jCn2cPkQtfk7tJRI,https://i.ytimg.com/vi/KNexS61fjus/hqdefault.jpg?sqp=-oaymwEcCPYBEIoBSFXyq4qpAw4IARUAAIhCGAFwAcABBg==&rs=AOn4CLA1Z9M3xfHyQhT1YMZ6xCXd0rXbIw
LE SSERAFIM,CRAZY,https://youtu.be/n6B5gQXlB-0?si=V3fP9WR_PLymgwIA,https://i.ytimg.com/vi/n6B5gQXlB-0/hqdefault.jpg?sqp=-oaymwEcCPYBEIoBSFXyq4qpAw4IARUAAIhCGAFwAcABBg==&rs=AOn4CLD43PzdSVeiP7ACSyD3guRt2ved_A
IVE,ELEVEN,https://youtu.be/--FmExEAsM8?si=w-j4r5THLdyK9lu4,https://i.ytimg.com/vi/--FmExEAsM8/hqdefault.jpg?sqp=-oaymwEcCPYBEIoBSFXyq4qpAw4IARUAAIhCGAFwAcABBg==&rs=AOn4CLCMz9wP3yoAPg6DbvICXaYXnWoqkQ
IVE,LOVE DIVE,https://youtu.be/Y8JFxS1HlDo?si=E3KtZsayEAeTK97g,https://i.ytimg.com/vi/Y8JFxS1HlDo/hqdefault.jpg?sqp=-oaymwEcCPYBEIoBSFXyq4qpAw4IARUAAIhCGAFwAcABBg==&rs=AOn4CLDHaqw2Wipv8HljuICX2Ehg0ZI2zg
IVE,After LIKE,https://youtu.be/F0B7HDiY-10?si=edkWnfeBNQEkRDke,https://i.ytimg.com/vi/F0B7HDiY-10/hqdefault.jpg?sqp=-oaymwEcCPYBEIoBSFXyq4qpAw4IARUAAIhCGAFwAcABBg==&rs=AOn4CLBVm4EHqyg8V_RRxPXBeovPtq4_dg
IVE,Kitsch,https://youtu.be/pG6iaOMV46I?si=sLYkqEMWX9ZEyNhM,https://i.ytimg.com/vi/pG6iaOMV46I/hqdefault.jpg?sqp=-oaymwEcCPYBEIoBSFXyq4qpAw4IARUAAIhCGAFwAcABBg==&rs=AOn4CLBNuM3BW8yO4mkkN7OepDnwoatx2Q
IVE,I AM,https://youtu.be/6ZUIwj3FgUY?si=9fTJ_MiDarPYgAf9,https://i.ytimg.com/vi/6ZUIwj3FgUY/hqdefault.jpg?sqp=-oaymwEcCPYBEIoBSFXyq4qpAw4IARUAAIhCGAFwAcABBg==&rs=AOn4CLCbi908iZ0X45UKLMtBynkwnpxwtA
IVE,Either Way,https://youtu.be/_Hu4GYtye5U?si=x5stG6oKkwfIFa5G,https://i.ytimg.com/vi/_Hu4GYtye5U/hqdefault.jpg?sqp=-oaymwEcCPYBEIoBSFXyq4qpAw4IARUAAIhCGAFwAcABBg==&rs=AOn4CLDx1UIg6f32XLPEP6pPAjDc2vGCHg
IVE,Off The Record,https://youtu.be/_ApV7Lm87cg?si=MnUiDUfcd4aljpdV,https://i.ytimg.com/vi/_ApV7Lm87cg/hqdefault.jpg?sqp=-oaymwEcCPYBEIoBSFXyq4qpAw4IARUAAIhCGAFwAcABBg==&rs=AOn4CLA_yldjkO2_vd5MR8HpYhXItvbCaA
IVE,Baddie,https://youtu.be/Da4P2uT4mVc?si=XRqYzz10So9QT-iU,https://i.ytimg.com/vi/Da4P2uT4mVc/hqdefault.jpg?sqp=-oaymwEcCPYBEIoBSFXyq4qpAw4IARUAAIhCGAFwAcABBg==&rs=AOn4CLClpdoFsHBhLWEQO_P_K8BdF2q_fA
IVE,All Night,https://youtu.be/xU8mQMLx0tk?si=XP8a0x9lCdFeTMtP,https://i.ytimg.com/vi/xU8mQMLx0tk/hqdefault.jpg?sqp=-oaymwEcCPYBEIoBSFXyq4qpAw4IARUAAIhCGAFwAcABBg==&rs=AOn4CLA2IWqxjTM--L1a3uzP-u7J8hW9XA
IVE,해야 (HEYA),https://youtu.be/07EzMbVH3QE?si=xJXATxUrLH1diTOF,https://i.ytimg.com/vi/07EzMbVH3QE/hqdefault.jpg?sqp=-oaymwEcCPYBEIoBSFXyq4qpAw4IARUAAIhCGAFwAcABBg==&rs=AOn4CLBwlLKhSR-lm7JHeBDcTM79ySxiww
IVE,Accendio,https://youtu.be/PGLx4V680J8?si=a_8AA8jJwBwyEO9d,https://i.ytimg.com/vi/PGLx4V680J8/hqdefault.jpg?sqp=-oaymwEcCPYBEIoBSFXyq4qpAw4IARUAAIhCGAFwAcABBg==&rs=AOn4CLDPMu_XISBpnIGzMBCmPPBENNhf6Q
tripleS,Generation,https://youtu.be/0cZ7o0Wn_dc?si=ouSYhG1LdVtBR_ce,https://i.ytimg.com/vi/0cZ7o0Wn_dc/hqdefault.jpg?sqp=-oaymwEcCPYBEIoBSFXyq4qpAw4IARUAAIhCGAFwAcABBg==&rs=AOn4CLANaj3qBu9yEueC5EwOIWx5zRBIew
tripleS,Rising,https://youtu.be/3TQd2ahq6oU?si=B5blxNdZhQiQjlig,https://i.ytimg.com/vi/3TQd2ahq6oU/hqdefault.jpg?sqp=-oaymwEcCPYBEIoBSFXyq4qpAw4IARUAAIhCGAFwAcABBg==&rs=AOn4CLDAwL7YpgomiChqc3TaJd4LtG_e4Q
tripleS,Cherry Talk,https://youtu.be/uE_T_t6s_Go?si=w28h8XDCtfDf9QyH,https://i.ytimg.com/vi/uE_T_t6s_Go/hqdefault.jpg?sqp=-oaymwEcCPYBEIoBSFXyq4qpAw4IARUAAIhCGAFwAcABBg==&rs=AOn4CLBiYY31hi4nWzjLB4R7PkxbjKbINA
tripleS,Touch+,https://youtu.be/xYXqVV4biGY?si=iNqsbCPd22-Wl9Cm,https://i.ytimg.com/vi/xYXqVV4biGY/hqdefault.jpg?sqp=-oaymwEcCPYBEIoBSFXyq4qpAw4IARUAAIhCGAFwAcABBg==&rs=AOn4CLC2wkzLn9C23vc7i1BkVfDKfhojlg
tripleS,Girls' Capitalism,https://youtu.be/OvtoY0lfYJ8?si=wGc0z3ZHnsDIzFSA,https://i.ytimg.com/vi/OvtoY0lfYJ8/hqdefault.jpg?sqp=-oaymwEcCPYBEIoBSFXyq4qpAw4IARUAAIhCGAFwAcABBg==&rs=AOn4CLAq2Iq7Pa9LhiSCdw2afmuO7b_lhg
tripleS,Invincible,https://youtu.be/KMythzAnNK0?si=VP7GQhF8tEOoCwvW,https://i.ytimg.com/vi/KMythzAnNK0/hqdefault.jpg?sqp=-oaymwEcCPYBEIoBSFXyq4qpAw4IARUAAIhCGAFwAcABBg==&rs=AOn4CLAhbPxVA8nseY2GLW6jphNBr5ZUIw
tripleS,Door,https://youtu.be/PqKZctzEW1o?si=2f7erS-euxMq7aEK,https://i.ytimg.com/vi/PqKZctzEW1o/hqdefault.jpg?sqp=-oaymwEcCPYBEIoBSFXyq4qpAw4IARUAAIhCGAFwAcABBg==&rs=AOn4CLCUPoMJudjaRKnP5G3qcLciFIXkOg
tripleS,Girls Never Die,https://youtu.be/2tda_TCjz8w?si=-iSzVOa6AjRLBawb,https://i.ytimg.com/vi/2tda_TCjz8w/hqdefault.jpg?sqp=-oaymwEcCPYBEIoBSFXyq4qpAw4IARUAAIhCGAFwAcABBg==&rs=AOn4CLCExtWF8yRDRNmi5qJQXZs-9g8aLA
Kep1er,Wing Wing,https://youtu.be/eK4i2oN8jCk?si=x-qgpc39QI5cu1D-,https://i.ytimg.com/vi/eK4i2oN8jCk/hqdefault.jpg?sqp=-oaymwEbCKgBEF5IVfKriqkDDggBFQAAiEIYAXABwAEG&rs=AOn4CLCcZpaZL0nSSjHBfsfqX-I5m_LwwQ
Kep1er,Sugar Rush,https://youtu.be/-wDj4H6K-D4?si=4FK4LYyHPwu5rGi4,https://i.ytimg.com/vi/w8N3nZ7reZk/hqdefault.jpg?sqp=-oaymwEbCKgBEF5IVfKriqkDDggBFQAAiEIYAXABwAEG&rs=AOn4CLBAYUY8g_e1-Z_1vrjoa8hkXCbubA
Kep1er,I do! Do you?,https://youtu.be/tJG13dtV464?si=9DZ0pi_NcOTxXR0B,https://i.ytimg.com/vi/tJG13dtV464/hqdefault.jpg?sqp=-oaymwEbCKgBEF5IVfKriqkDDggBFQAAiEIYAXABwAEG&rs=AOn4CLDKSW-0zMvLkO2dWK26oQwloH73yg
Kep1er,Grand Prix,https://youtu.be/4nAdvTkoP1Q?si=PDGKqxyoX8WFziAI,https://i.ytimg.com/vi/4nAdvTkoP1Q/hqdefault.jpg?sqp=-oaymwEbCKgBEF5IVfKriqkDDggBFQAAiEIYAXABwAEG&rs=AOn4CLDvpBaQgTS5jPEiXI84n-W8wKsGQg
Kep1er,Straight Line,https://youtu.be/-8ECgGWuoew?si=AI0zIofay49Crmvs,https://i.ytimg.com/vi/-8ECgGWuoew/hqdefault.jpg?sqp=-oaymwEbCKgBEF5IVfKriqkDDggBFQAAiEIYAXABwAEG&rs=AOn4CLCoYhBNt7NmKmxHvcsPv_0PADv1Vg
Kep1er,WA DA DA,https://youtu.be/n0j5NPptyM0?si=RFGl58zuP4BX_ECc,https://i.ytimg.com/vi/n0j5NPptyM0/hqdefault.jpg?sqp=-oaymwEcCPYBEIoBSFXyq4qpAw4IARUAAIhCGAFwAcABBg==&rs=AOn4CLB2IyWvGllvit0UYhO4bEv6RdoGmg
Kep1er,Up!,https://youtu.be/hr-325mclek?si=y8TrnfoiNJQBkQep,https://i.ytimg.com/vi/hr-325mclek/hqdefault.jpg?sqp=-oaymwEcCPYBEIoBSFXyq4qpAw4IARUAAIhCGAFwAcABBg==&rs=AOn4CLDKmF7nxhC_B2cSTVTNqDFpD6oEuA
Kep1er,We Fresh,https://youtu.be/zkvIzKwzYNc?si=jI0N1ZfJmdHSLfCM,https://i.ytimg.com/vi/zkvIzKwzYNc/hqdefault.jpg?sqp=-oaymwEbCKgBEF5IVfKriqkDDggBFQAAiEIYAXABwAEG&rs=AOn4CLDLJjU_ih60GAxCMevmPvpagELYoA
Kep1er,Giddy,https://youtu.be/w9ueRzymcU0?si=oXFpdqRiKq0TNahj,https://i.ytimg.com/vi/w9ueRzymcU0/hqdefault.jpg?sqp=-oaymwEcCPYBEIoBSFXyq4qpAw4IARUAAIhCGAFwAcABBg==&rs=AOn4CLCkzypIwWkvIQdxotIVvCjrXhM21A
FIFTY_FIFTY,Cupid,https://youtu.be/Qc7_zRjH808?si=LgPbtcMJ8QlXkoCF,https://i.ytimg.com/vi/Qc7_zRjH808/hqdefault.jpg?sqp=-oaymwEbCKgBEF5IVfKriqkDDggBFQAAiEIYAXABwAEG&rs=AOn4CLBQ1NRzIZd7hFPHzTgiFO1z9aRK9g
FIFTY_FIFTY,Lovin' Me,https://youtu.be/4PnFuEbzxos?si=qc0WMkMffDUVC-aL,https://i.ytimg.com/vi/4PnFuEbzxos/hqdefault.jpg?sqp=-oaymwEbCKgBEF5IVfKriqkDDggBFQAAiEIYAXABwAEG&rs=AOn4CLBerOOavJG7W1M3AuGGN6RhYlweIQ
FIFTY_FIFTY,Higher,https://youtu.be/XCikSpjR1ic?si=Rd06mtlbdlaVIhmu,https://i.ytimg.com/vi/XCikSpjR1ic/hqdefault.jpg?sqp=-oaymwEbCKgBEF5IVfKriqkDDggBFQAAiEIYAXABwAEG&rs=AOn4CLCuKi2KRYpNNXmlDV0zaepCaqAIiQ
FIFTY_FIFTY,SOS,https://youtu.be/XpZTcLSH6Cc?si=tt09b7slM4sfAKIT,https://i.ytimg.com/vi/XpZTcLSH6Cc/hqdefault.jpg?sqp=-oaymwEcCPYBEIoBSFXyq4qpAw4IARUAAIhCGAFwAcABBg==&rs=AOn4CLAYZWDpTtDrET_P3p8GtGKC7AZOig
FIFTY_FIFTY,Starry Night,https://youtu.be/lzm-7YfBJBU?si=LigGizt71dIrImM7,https://i.ytimg.com/vi/lzm-7YfBJBU/hqdefault.jpg?sqp=-oaymwEbCKgBEF5IVfKriqkDDggBFQAAiEIYAXABwAEG&rs=AOn4CLBUCyfGS4bGYBiojt0F6MUudvbQog
STAYC,SO BAD,https://youtu.be/gMe1c4UegBY?si=U50O7UZHs5bqscQ0,https://i.ytimg.com/vi/gMe1c4UegBY/hqdefault.jpg?sqp=-oaymwEcCPYBEIoBSFXyq4qpAw4IARUAAIhCGAFwAcABBg==&rs=AOn4CLDrN-bmdSwPSQ5n6Alf7ZEBmB2QEA
STAYC,ASAP,https://youtu.be/NsY-9MCOIAQ?si=60hcc1o7IIcOUxGb,https://i.ytimg.com/vi/NsY-9MCOIAQ/hqdefault.jpg?sqp=-oaymwEcCPYBEIoBSFXyq4qpAw4IARUAAIhCGAFwAcABBg==&rs=AOn4CLD54DX1ZvUpL4mUvOBEkp_aoQ3KHw
STAYC,색안경 (STEREOTYPE),https://youtu.be/Xmxcnf2v_gs?si=6HTEySbnknsnbaPI,https://i.ytimg.com/vi/Xmxcnf2v_gs/hqdefault.jpg?sqp=-oaymwEcCPYBEIoBSFXyq4qpAw4IARUAAIhCGAFwAcABBg==&rs=AOn4CLA6m7x3cvSlA0xRsXOwYADPzhFh9g
STAYC,RUN2U,https://youtu.be/grG41kS4MUA?si=wyNJNazmhJvn2Yqu,https://i.ytimg.com/vi/grG41kS4MUA/hqdefault.jpg?sqp=-oaymwEcCPYBEIoBSFXyq4qpAw4IARUAAIhCGAFwAcABBg==&rs=AOn4CLAKjN51t9N0jHdMLgxSj4ZYJYWYYw
STAYC,BEAUTIFUL MONSTER,https://youtu.be/juQvizeZJFM?si=nPqcFKGl3wgPrkp6,https://i.ytimg.com/vi/juQvizeZJFM/hqdefault.jpg?sqp=-oaymwEcCPYBEIoBSFXyq4qpAw4IARUAAIhCGAFwAcABBg==&rs=AOn4CLDKrcnKM8djo_YdvekvNuE7JMaz8w
STAYC,Teddy Bear,https://youtu.be/SxHmoifp0oQ?si=ujt6Kryl33H-x5Wq,https://i.ytimg.com/vi/SxHmoifp0oQ/hqdefault.jpg?sqp=-oaymwEcCPYBEIoBSFXyq4qpAw4IARUAAIhCGAFwAcABBg==&rs=AOn4CLCOtw2CDrYwvYCIgAK6vaFeFKGofg
STAYC,Bubble,https://youtu.be/3-ptVHZZdBg?si=CHaF5zNXFm91lQty,https://i.ytimg.com/vi/3-ptVHZZdBg/hqdefault.jpg?sqp=-oaymwEcCPYBEIoBSFXyq4qpAw4IARUAAIhCGAFwAcABBg==&rs=AOn4CLBxcbkGamsEbtbBLaC4WN_XOZaZMA
STAYC,Cheeky Icy Thang,https://youtu.be/s-UXxaQdUew?si=v8Yxh3nAOQTSdOUd,https://i.ytimg.com/vi/s-UXxaQdUew/hqdefault.jpg?sqp=-oaymwEcCPYBEIoBSFXyq4qpAw4IARUAAIhCGAFwAcABBg==&rs=AOn4CLD1xiZ2ArD40W9b3CiI8rDrNznECQ